{
  "UserEvents": {
    "me": [
      {
        "NewName": "Screen1.TextInstance",
        "OldName": null,
        "ElementType": "Screens",
        "EventType": 5,
        "TimestampUtc": "2023-12-17T02:10:18.7194349Z"
      },
      {
        "NewName": "Screen1.SpriteInstance",
        "OldName": null,
        "ElementType": "Screens",
        "EventType": 5,
        "TimestampUtc": "2023-12-19T02:02:09.5186387Z"
      },
      {
        "NewName": "Screen1.Sun",
        "OldName": "Screen1.SpriteInstance",
        "ElementType": "Screens",
        "EventType": 7,
        "TimestampUtc": "2023-12-19T02:45:48.6426567Z"
      },
      {
        "NewName": "Splash Screen",
        "OldName": null,
        "ElementType": "Components",
        "EventType": 0,
        "TimestampUtc": "2023-12-23T19:25:05.257936Z"
      },
      {
        "NewName": null,
        "OldName": "Splash Screen",
        "ElementType": "Components",
        "EventType": 1,
        "TimestampUtc": "2023-12-23T19:26:20.9878327Z"
      },
      {
        "NewName": "SplashScreen",
        "OldName": null,
        "ElementType": "Components",
        "EventType": 0,
        "TimestampUtc": "2023-12-23T19:26:40.4925731Z"
      },
      {
        "NewName": "SplashScreen (Container).TextInstance",
        "OldName": null,
        "ElementType": "Components",
        "EventType": 5,
        "TimestampUtc": "2023-12-23T19:30:25.5440291Z"
      },
      {
        "NewName": "SplashScreen (Container).Title",
        "OldName": "SplashScreen (Container).TextInstance",
        "ElementType": "Components",
        "EventType": 7,
        "TimestampUtc": "2023-12-23T19:30:33.4930573Z"
      },
      {
        "NewName": "SplashScreen (Container).TextInstance",
        "OldName": null,
        "ElementType": "Components",
        "EventType": 5,
        "TimestampUtc": "2023-12-23T19:30:59.9885401Z"
      },
      {
        "NewName": "SplashScreen (Container).Description",
        "OldName": "SplashScreen (Container).TextInstance",
        "ElementType": "Components",
        "EventType": 7,
        "TimestampUtc": "2023-12-23T19:31:04.7343338Z"
      },
      {
        "NewName": "SplashScreen (Container).TextInstance",
        "OldName": null,
        "ElementType": "Components",
        "EventType": 5,
        "TimestampUtc": "2023-12-23T19:31:41.8535026Z"
      },
      {
        "NewName": "SplashScreen (Container).Instruction",
        "OldName": "SplashScreen (Container).TextInstance",
        "ElementType": "Components",
        "EventType": 7,
        "TimestampUtc": "2023-12-23T19:32:04.9168971Z"
      },
      {
        "NewName": "SplashScreen (Container).ColoredRectangleInstance",
        "OldName": null,
        "ElementType": "Components",
        "EventType": 5,
        "TimestampUtc": "2023-12-23T19:33:14.8891394Z"
      },
      {
        "NewName": "SplashScreen (Container).Background",
        "OldName": "SplashScreen (Container).ColoredRectangleInstance",
        "ElementType": "Components",
        "EventType": 7,
        "TimestampUtc": "2023-12-23T19:33:24.0568316Z"
      },
      {
        "NewName": "Screen1.SplashScreenInstance",
        "OldName": null,
        "ElementType": "Screens",
        "EventType": 5,
        "TimestampUtc": "2023-12-23T19:35:59.7790401Z"
      },
      {
        "NewName": null,
        "OldName": "Screen1.SplashScreen SplashScreenInstance in Screen1",
        "ElementType": "Screens",
        "EventType": 6,
        "TimestampUtc": "2023-12-23T19:36:15.2187963Z"
      },
      {
        "NewName": "Screen1.SplashScreenInstance",
        "OldName": null,
        "ElementType": "Screens",
        "EventType": 5,
        "TimestampUtc": "2023-12-23T19:37:52.0310089Z"
      },
      {
        "NewName": null,
        "OldName": "Screen1.ColoredRectangle OuterRectangle in Screen1",
        "ElementType": "Screens",
        "EventType": 6,
        "TimestampUtc": "2023-12-23T19:46:01.3454694Z"
      },
      {
        "NewName": null,
        "OldName": "Screen1.ColoredRectangle BottomLeft in Screen1",
        "ElementType": "Screens",
        "EventType": 6,
        "TimestampUtc": "2023-12-23T19:46:01.4043238Z"
      },
      {
        "NewName": null,
        "OldName": "Screen1.ColoredRectangle BottomRight in Screen1",
        "ElementType": "Screens",
        "EventType": 6,
        "TimestampUtc": "2023-12-23T19:46:01.4093224Z"
      },
      {
        "NewName": null,
        "OldName": "Screen1.ColoredRectangle Center in Screen1",
        "ElementType": "Screens",
        "EventType": 6,
        "TimestampUtc": "2023-12-23T19:46:01.4138317Z"
      },
      {
        "NewName": null,
        "OldName": "Screen1.ColoredRectangle TopLeft in Screen1",
        "ElementType": "Screens",
        "EventType": 6,
        "TimestampUtc": "2023-12-23T19:46:01.417839Z"
      },
      {
        "NewName": null,
        "OldName": "Screen1.ColoredRectangle TopRight in Screen1",
        "ElementType": "Screens",
        "EventType": 6,
        "TimestampUtc": "2023-12-23T19:46:01.4218374Z"
      },
      {
        "NewName": null,
        "OldName": "Screen1.Text TextInstance in Screen1",
        "ElementType": "Screens",
        "EventType": 6,
        "TimestampUtc": "2023-12-23T19:46:04.4173259Z"
      },
      {
        "NewName": null,
        "OldName": "Screen1.Sprite Sun in Screen1",
        "ElementType": "Screens",
        "EventType": 6,
        "TimestampUtc": "2023-12-23T19:46:08.4757173Z"
      },
      {
        "NewName": null,
        "OldName": "SplashScreen (Container).Text Description in SplashScreen (Container)",
        "ElementType": "Components",
        "EventType": 6,
        "TimestampUtc": "2023-12-23T19:49:10.6809242Z"
      },
      {
        "NewName": null,
        "OldName": "SplashScreen (Container).Text Instruction in SplashScreen (Container)",
        "ElementType": "Components",
        "EventType": 6,
        "TimestampUtc": "2023-12-23T19:49:12.3142548Z"
      },
      {
        "NewName": null,
        "OldName": "Screen1.SplashScreen SplashScreenInstance in Screen1",
        "ElementType": "Screens",
        "EventType": 6,
        "TimestampUtc": "2023-12-23T19:54:21.7275127Z"
      },
      {
        "NewName": null,
        "OldName": "SplashScreen (Container).ColoredRectangle Background in SplashScreen (Container)",
        "ElementType": "Components",
        "EventType": 6,
        "TimestampUtc": "2023-12-23T19:54:23.8858208Z"
      },
      {
        "NewName": "Screen1.ColoredRectangleInstance",
        "OldName": null,
        "ElementType": "Screens",
        "EventType": 5,
        "TimestampUtc": "2023-12-23T19:54:33.5754834Z"
      },
      {
        "NewName": "SplashScreen (Container).ColoredRectangleInstance",
        "OldName": null,
        "ElementType": "Components",
        "EventType": 5,
        "TimestampUtc": "2023-12-23T19:56:23.9919629Z"
      },
      {
        "NewName": null,
        "OldName": "Screen1.ColoredRectangle ColoredRectangleInstance in Screen1",
        "ElementType": "Screens",
        "EventType": 6,
        "TimestampUtc": "2023-12-23T19:56:42.5536174Z"
      },
      {
        "NewName": "Screen1.SplashScreenInstance",
        "OldName": null,
        "ElementType": "Screens",
        "EventType": 5,
        "TimestampUtc": "2023-12-23T19:56:44.1194563Z"
      },
      {
        "NewName": null,
        "OldName": "Screen1.SplashScreen SplashScreenInstance in Screen1",
        "ElementType": "Screens",
        "EventType": 6,
        "TimestampUtc": "2023-12-24T19:25:06.1607166Z"
      },
      {
        "NewName": null,
        "OldName": "SplashScreen",
        "ElementType": "Components",
        "EventType": 1,
        "TimestampUtc": "2023-12-24T19:25:14.228186Z"
      },
      {
        "NewName": "SplashScreen",
        "OldName": null,
        "ElementType": "Screens",
        "EventType": 0,
        "TimestampUtc": "2023-12-24T19:25:57.6680634Z"
      },
      {
        "NewName": "SplashScreen.ColoredRectangleInstance",
        "OldName": null,
        "ElementType": "Screens",
        "EventType": 5,
        "TimestampUtc": "2023-12-24T19:26:22.3791281Z"
      },
      {
        "NewName": "SplashScreen.Background",
        "OldName": "SplashScreen.ColoredRectangleInstance",
        "ElementType": "Screens",
        "EventType": 7,
        "TimestampUtc": "2023-12-24T19:26:27.5038791Z"
      },
      {
        "NewName": "SplashScreen.TextInstance",
        "OldName": null,
        "ElementType": "Screens",
        "EventType": 5,
        "TimestampUtc": "2023-12-24T19:26:52.100708Z"
      },
      {
        "NewName": "SplashScreen.Title",
        "OldName": "SplashScreen.TextInstance",
        "ElementType": "Screens",
        "EventType": 7,
        "TimestampUtc": "2023-12-24T19:27:07.2955967Z"
      },
      {
        "NewName": "SplashScreen.TextInstance",
        "OldName": null,
        "ElementType": "Screens",
        "EventType": 5,
        "TimestampUtc": "2023-12-24T19:28:29.2494336Z"
      },
      {
        "NewName": "SplashScreen.DescriptionText",
        "OldName": "SplashScreen.TextInstance",
        "ElementType": "Screens",
        "EventType": 7,
        "TimestampUtc": "2023-12-24T19:28:37.2848379Z"
      },
      {
        "NewName": "SplashScreen.Description",
        "OldName": "SplashScreen.DescriptionText",
        "ElementType": "Screens",
        "EventType": 7,
        "TimestampUtc": "2023-12-24T19:29:03.0078051Z"
      },
      {
        "NewName": "SplashScreen.TextInstance",
        "OldName": null,
        "ElementType": "Screens",
        "EventType": 5,
        "TimestampUtc": "2023-12-24T19:29:38.5226608Z"
      },
      {
        "NewName": "SplashScreen.Instruction",
        "OldName": "SplashScreen.TextInstance",
        "ElementType": "Screens",
        "EventType": 7,
        "TimestampUtc": "2023-12-24T19:29:51.5200774Z"
      },
      {
        "NewName": "SimpleButton",
        "OldName": null,
        "ElementType": "Components",
        "EventType": 0,
        "TimestampUtc": "2023-12-26T18:55:24.2314803Z"
      },
      {
        "NewName": "SimpleButton (Container).ColoredRectangleInstance",
        "OldName": null,
        "ElementType": "Components",
        "EventType": 5,
        "TimestampUtc": "2023-12-26T18:56:06.8636065Z"
      },
      {
        "NewName": "SimpleButton (Container).OuterRectangle",
        "OldName": "SimpleButton (Container).ColoredRectangleInstance",
        "ElementType": "Components",
        "EventType": 7,
        "TimestampUtc": "2023-12-26T18:56:19.4216469Z"
      },
      {
        "NewName": "SimpleButton (Container).ColoredRectangleInstance",
        "OldName": null,
        "ElementType": "Components",
        "EventType": 5,
        "TimestampUtc": "2023-12-26T18:56:25.2385714Z"
      },
      {
        "NewName": "SimpleButton (Container).InnerRectangel",
        "OldName": "SimpleButton (Container).ColoredRectangleInstance",
        "ElementType": "Components",
        "EventType": 7,
        "TimestampUtc": "2023-12-26T18:56:30.3540595Z"
      },
      {
        "NewName": "SimpleButton (Container).InnerRectangle",
        "OldName": "SimpleButton (Container).InnerRectangel",
        "ElementType": "Components",
        "EventType": 7,
        "TimestampUtc": "2023-12-26T18:56:34.5665374Z"
      },
      {
        "NewName": "SimpleButton (Container).TextInstance",
        "OldName": null,
        "ElementType": "Components",
        "EventType": 5,
        "TimestampUtc": "2023-12-26T18:58:26.0144936Z"
      },
      {
        "NewName": "mainMenu",
        "OldName": null,
        "ElementType": "Screens",
        "EventType": 0,
        "TimestampUtc": "2023-12-26T19:04:00.9715629Z"
      },
      {
        "NewName": null,
        "OldName": "mainMenu",
        "ElementType": "Screens",
        "EventType": 1,
        "TimestampUtc": "2023-12-26T19:04:07.4250378Z"
      },
      {
        "NewName": "MainMenu",
        "OldName": null,
        "ElementType": "Screens",
        "EventType": 0,
        "TimestampUtc": "2023-12-26T19:04:13.0262838Z"
      },
      {
        "NewName": "MainMenu.ContainerInstance",
        "OldName": null,
        "ElementType": "Screens",
        "EventType": 5,
        "TimestampUtc": "2023-12-26T19:04:24.2442127Z"
      },
      {
        "NewName": "MainMenu.ButtonContainer",
        "OldName": "MainMenu.ContainerInstance",
        "ElementType": "Screens",
        "EventType": 7,
        "TimestampUtc": "2023-12-26T19:04:34.2002076Z"
      },
      {
        "NewName": "MainMenu.SimpleButtonInstance",
        "OldName": null,
        "ElementType": "Screens",
        "EventType": 5,
        "TimestampUtc": "2023-12-26T19:05:16.0401677Z"
      },
      {
        "NewName": "MainMenu.Screen1Button",
        "OldName": "MainMenu.SimpleButtonInstance",
        "ElementType": "Screens",
        "EventType": 7,
        "TimestampUtc": "2023-12-26T19:05:37.5919723Z"
      },
      {
        "NewName": "MainMenu.SimpleButtonInstance",
        "OldName": null,
        "ElementType": "Screens",
        "EventType": 5,
        "TimestampUtc": "2023-12-26T19:05:47.5368789Z"
      },
      {
        "NewName": "MainMenu.SimpleButtonInstance1",
        "OldName": null,
        "ElementType": "Screens",
        "EventType": 5,
        "TimestampUtc": "2023-12-26T19:05:52.122264Z"
      },
      {
        "NewName": "MainMenu.SecondScreenButton",
        "OldName": "MainMenu.SimpleButtonInstance",
        "ElementType": "Screens",
        "EventType": 7,
        "TimestampUtc": "2023-12-26T19:07:02.9551079Z"
      },
      {
        "NewName": null,
        "OldName": "MainMenu.Container ButtonContainer in MainMenu",
        "ElementType": "Screens",
        "EventType": 6,
        "TimestampUtc": "2023-12-26T19:07:42.7370529Z"
      },
      {
        "NewName": null,
        "OldName": "MainMenu.SimpleButton Screen1Button in MainMenu",
        "ElementType": "Screens",
        "EventType": 6,
        "TimestampUtc": "2023-12-26T19:07:42.7796427Z"
      },
      {
        "NewName": null,
        "OldName": "MainMenu.SimpleButton SecondScreenButton in MainMenu",
        "ElementType": "Screens",
        "EventType": 6,
        "TimestampUtc": "2023-12-26T19:07:42.8065047Z"
      },
      {
        "NewName": null,
        "OldName": "MainMenu.SimpleButton SimpleButtonInstance1 in MainMenu",
        "ElementType": "Screens",
        "EventType": 6,
        "TimestampUtc": "2023-12-26T19:07:42.8287009Z"
      }
    ]
  }
}