{
  "UserEvents": {
    "me": [
      {
        "NewName": null,
        "OldName": "MainMenu.SpriteButton SpriteButtonInstance1 in MainMenu",
        "ElementType": "Screens",
        "EventType": 6,
        "TimestampUtc": "2023-12-27T17:39:38.9422934Z"
      },
      {
        "NewName": null,
        "OldName": "MainMenu.SpriteButton SpriteButtonInstance in MainMenu",
        "ElementType": "Screens",
        "EventType": 6,
        "TimestampUtc": "2023-12-27T17:39:41.6010303Z"
      },
      {
        "NewName": null,
        "OldName": "SpriteButton (Container).Container ContainerInstance in SpriteButton (Container)",
        "ElementType": "Components",
        "EventType": 6,
        "TimestampUtc": "2023-12-27T20:07:02.4767257Z"
      },
      {
        "NewName": null,
        "OldName": "SpriteButton (Container).ColoredRectangle ColoredRectangleInstance in SpriteButton (Container)",
        "ElementType": "Components",
        "EventType": 6,
        "TimestampUtc": "2023-12-27T20:09:23.4136028Z"
      },
      {
        "NewName": null,
        "OldName": "SpriteButton (Container).Text TextInstance in SpriteButton (Container)",
        "ElementType": "Components",
        "EventType": 6,
        "TimestampUtc": "2023-12-27T20:09:23.4684152Z"
      },
      {
        "NewName": null,
        "OldName": "SpriteButton (Container).Sprite Right in SpriteButton (Container)",
        "ElementType": "Components",
        "EventType": 6,
        "TimestampUtc": "2023-12-27T20:09:26.2616545Z"
      },
      {
        "NewName": "SpriteButton (Container).ColoredRectangleInstance",
        "OldName": null,
        "ElementType": "Components",
        "EventType": 5,
        "TimestampUtc": "2023-12-27T20:11:13.1775987Z"
      },
      {
        "NewName": null,
        "OldName": "SpriteButton (Container).ColoredRectangle ColoredRectangleInstance in SpriteButton (Container)",
        "ElementType": "Components",
        "EventType": 6,
        "TimestampUtc": "2023-12-27T20:13:16.3203587Z"
      },
      {
        "NewName": "MainMenu.ColoredRectangleInstance",
        "OldName": null,
        "ElementType": "Screens",
        "EventType": 5,
        "TimestampUtc": "2023-12-27T20:13:37.3445515Z"
      },
      {
        "NewName": null,
        "OldName": "SpriteButton (Container).Container ContainerInstance in SpriteButton (Container)",
        "ElementType": "Components",
        "EventType": 6,
        "TimestampUtc": "2023-12-27T20:40:36.6714436Z"
      },
      {
        "NewName": "MainMenu.BackgroundInstance",
        "OldName": null,
        "ElementType": "Screens",
        "EventType": 5,
        "TimestampUtc": "2023-12-27T20:49:09.9282157Z"
      },
      {
        "NewName": "MainMenu.ContainerInstance",
        "OldName": null,
        "ElementType": "Screens",
        "EventType": 5,
        "TimestampUtc": "2023-12-28T18:56:39.062031Z"
      },
      {
        "NewName": null,
        "OldName": "MainMenu.Container ContainerInstance in MainMenu",
        "ElementType": "Screens",
        "EventType": 6,
        "TimestampUtc": "2023-12-28T18:56:57.225011Z"
      },
      {
        "NewName": "MainMenu.TextInstance",
        "OldName": null,
        "ElementType": "Screens",
        "EventType": 5,
        "TimestampUtc": "2023-12-28T18:57:00.9720107Z"
      },
      {
        "NewName": "MainMenu.Label",
        "OldName": "MainMenu.TextInstance",
        "ElementType": "Screens",
        "EventType": 7,
        "TimestampUtc": "2023-12-28T18:57:09.7063068Z"
      },
      {
        "NewName": "ControlsDemoScreen",
        "OldName": null,
        "ElementType": "Screens",
        "EventType": 0,
        "TimestampUtc": "2023-12-28T19:03:22.5139559Z"
      },
      {
        "NewName": "ControlsDemoScreen.BackgroundInstance",
        "OldName": null,
        "ElementType": "Screens",
        "EventType": 5,
        "TimestampUtc": "2023-12-28T19:03:34.3916931Z"
      },
      {
        "NewName": "ScreenLabel",
        "OldName": null,
        "ElementType": "Components",
        "EventType": 0,
        "TimestampUtc": "2023-12-28T19:04:44.7008334Z"
      },
      {
        "NewName": "MainMenu.Label1",
        "OldName": null,
        "ElementType": "Screens",
        "EventType": 5,
        "TimestampUtc": "2023-12-28T19:05:03.4446446Z"
      },
      {
        "NewName": "MainMenu.Label1",
        "OldName": null,
        "ElementType": "Screens",
        "EventType": 5,
        "TimestampUtc": "2023-12-28T19:05:27.9669674Z"
      },
      {
        "NewName": "MainMenu.Label1",
        "OldName": null,
        "ElementType": "Screens",
        "EventType": 5,
        "TimestampUtc": "2023-12-28T19:05:54.52299Z"
      }
    ]
  }
}