{
  "UserEvents": {
    "me": [
      {
        "NewName": "Screen1.TextInstance",
        "OldName": null,
        "ElementType": "Screens",
        "EventType": 5,
        "TimestampUtc": "2023-12-17T02:10:18.7194349Z"
      },
      {
        "NewName": "Screen1.SpriteInstance",
        "OldName": null,
        "ElementType": "Screens",
        "EventType": 5,
        "TimestampUtc": "2023-12-19T02:02:09.5186387Z"
      },
      {
        "NewName": "Screen1.Sun",
        "OldName": "Screen1.SpriteInstance",
        "ElementType": "Screens",
        "EventType": 7,
        "TimestampUtc": "2023-12-19T02:45:48.6426567Z"
      },
      {
        "NewName": "Splash Screen",
        "OldName": null,
        "ElementType": "Components",
        "EventType": 0,
        "TimestampUtc": "2023-12-23T19:25:05.257936Z"
      },
      {
        "NewName": null,
        "OldName": "Splash Screen",
        "ElementType": "Components",
        "EventType": 1,
        "TimestampUtc": "2023-12-23T19:26:20.9878327Z"
      },
      {
        "NewName": "SplashScreen",
        "OldName": null,
        "ElementType": "Components",
        "EventType": 0,
        "TimestampUtc": "2023-12-23T19:26:40.4925731Z"
      },
      {
        "NewName": "SplashScreen (Container).TextInstance",
        "OldName": null,
        "ElementType": "Components",
        "EventType": 5,
        "TimestampUtc": "2023-12-23T19:30:25.5440291Z"
      },
      {
        "NewName": "SplashScreen (Container).Title",
        "OldName": "SplashScreen (Container).TextInstance",
        "ElementType": "Components",
        "EventType": 7,
        "TimestampUtc": "2023-12-23T19:30:33.4930573Z"
      },
      {
        "NewName": "SplashScreen (Container).TextInstance",
        "OldName": null,
        "ElementType": "Components",
        "EventType": 5,
        "TimestampUtc": "2023-12-23T19:30:59.9885401Z"
      },
      {
        "NewName": "SplashScreen (Container).Description",
        "OldName": "SplashScreen (Container).TextInstance",
        "ElementType": "Components",
        "EventType": 7,
        "TimestampUtc": "2023-12-23T19:31:04.7343338Z"
      },
      {
        "NewName": "SplashScreen (Container).TextInstance",
        "OldName": null,
        "ElementType": "Components",
        "EventType": 5,
        "TimestampUtc": "2023-12-23T19:31:41.8535026Z"
      },
      {
        "NewName": "SplashScreen (Container).Instruction",
        "OldName": "SplashScreen (Container).TextInstance",
        "ElementType": "Components",
        "EventType": 7,
        "TimestampUtc": "2023-12-23T19:32:04.9168971Z"
      },
      {
        "NewName": "SplashScreen (Container).ColoredRectangleInstance",
        "OldName": null,
        "ElementType": "Components",
        "EventType": 5,
        "TimestampUtc": "2023-12-23T19:33:14.8891394Z"
      },
      {
        "NewName": "SplashScreen (Container).Background",
        "OldName": "SplashScreen (Container).ColoredRectangleInstance",
        "ElementType": "Components",
        "EventType": 7,
        "TimestampUtc": "2023-12-23T19:33:24.0568316Z"
      },
      {
        "NewName": "Screen1.SplashScreenInstance",
        "OldName": null,
        "ElementType": "Screens",
        "EventType": 5,
        "TimestampUtc": "2023-12-23T19:35:59.7790401Z"
      },
      {
        "NewName": null,
        "OldName": "Screen1.SplashScreen SplashScreenInstance in Screen1",
        "ElementType": "Screens",
        "EventType": 6,
        "TimestampUtc": "2023-12-23T19:36:15.2187963Z"
      },
      {
        "NewName": "Screen1.SplashScreenInstance",
        "OldName": null,
        "ElementType": "Screens",
        "EventType": 5,
        "TimestampUtc": "2023-12-23T19:37:52.0310089Z"
      },
      {
        "NewName": null,
        "OldName": "Screen1.ColoredRectangle OuterRectangle in Screen1",
        "ElementType": "Screens",
        "EventType": 6,
        "TimestampUtc": "2023-12-23T19:46:01.3454694Z"
      },
      {
        "NewName": null,
        "OldName": "Screen1.ColoredRectangle BottomLeft in Screen1",
        "ElementType": "Screens",
        "EventType": 6,
        "TimestampUtc": "2023-12-23T19:46:01.4043238Z"
      },
      {
        "NewName": null,
        "OldName": "Screen1.ColoredRectangle BottomRight in Screen1",
        "ElementType": "Screens",
        "EventType": 6,
        "TimestampUtc": "2023-12-23T19:46:01.4093224Z"
      },
      {
        "NewName": null,
        "OldName": "Screen1.ColoredRectangle Center in Screen1",
        "ElementType": "Screens",
        "EventType": 6,
        "TimestampUtc": "2023-12-23T19:46:01.4138317Z"
      },
      {
        "NewName": null,
        "OldName": "Screen1.ColoredRectangle TopLeft in Screen1",
        "ElementType": "Screens",
        "EventType": 6,
        "TimestampUtc": "2023-12-23T19:46:01.417839Z"
      },
      {
        "NewName": null,
        "OldName": "Screen1.ColoredRectangle TopRight in Screen1",
        "ElementType": "Screens",
        "EventType": 6,
        "TimestampUtc": "2023-12-23T19:46:01.4218374Z"
      },
      {
        "NewName": null,
        "OldName": "Screen1.Text TextInstance in Screen1",
        "ElementType": "Screens",
        "EventType": 6,
        "TimestampUtc": "2023-12-23T19:46:04.4173259Z"
      },
      {
        "NewName": null,
        "OldName": "Screen1.Sprite Sun in Screen1",
        "ElementType": "Screens",
        "EventType": 6,
        "TimestampUtc": "2023-12-23T19:46:08.4757173Z"
      },
      {
        "NewName": null,
        "OldName": "SplashScreen (Container).Text Description in SplashScreen (Container)",
        "ElementType": "Components",
        "EventType": 6,
        "TimestampUtc": "2023-12-23T19:49:10.6809242Z"
      },
      {
        "NewName": null,
        "OldName": "SplashScreen (Container).Text Instruction in SplashScreen (Container)",
        "ElementType": "Components",
        "EventType": 6,
        "TimestampUtc": "2023-12-23T19:49:12.3142548Z"
      },
      {
        "NewName": null,
        "OldName": "Screen1.SplashScreen SplashScreenInstance in Screen1",
        "ElementType": "Screens",
        "EventType": 6,
        "TimestampUtc": "2023-12-23T19:54:21.7275127Z"
      },
      {
        "NewName": null,
        "OldName": "SplashScreen (Container).ColoredRectangle Background in SplashScreen (Container)",
        "ElementType": "Components",
        "EventType": 6,
        "TimestampUtc": "2023-12-23T19:54:23.8858208Z"
      },
      {
        "NewName": "Screen1.ColoredRectangleInstance",
        "OldName": null,
        "ElementType": "Screens",
        "EventType": 5,
        "TimestampUtc": "2023-12-23T19:54:33.5754834Z"
      },
      {
        "NewName": "SplashScreen (Container).ColoredRectangleInstance",
        "OldName": null,
        "ElementType": "Components",
        "EventType": 5,
        "TimestampUtc": "2023-12-23T19:56:23.9919629Z"
      },
      {
        "NewName": null,
        "OldName": "Screen1.ColoredRectangle ColoredRectangleInstance in Screen1",
        "ElementType": "Screens",
        "EventType": 6,
        "TimestampUtc": "2023-12-23T19:56:42.5536174Z"
      },
      {
        "NewName": "Screen1.SplashScreenInstance",
        "OldName": null,
        "ElementType": "Screens",
        "EventType": 5,
        "TimestampUtc": "2023-12-23T19:56:44.1194563Z"
      },
      {
        "NewName": null,
        "OldName": "Screen1.SplashScreen SplashScreenInstance in Screen1",
        "ElementType": "Screens",
        "EventType": 6,
        "TimestampUtc": "2023-12-24T19:25:06.1607166Z"
      },
      {
        "NewName": null,
        "OldName": "SplashScreen",
        "ElementType": "Components",
        "EventType": 1,
        "TimestampUtc": "2023-12-24T19:25:14.228186Z"
      },
      {
        "NewName": "SplashScreen",
        "OldName": null,
        "ElementType": "Screens",
        "EventType": 0,
        "TimestampUtc": "2023-12-24T19:25:57.6680634Z"
      },
      {
        "NewName": "SplashScreen.ColoredRectangleInstance",
        "OldName": null,
        "ElementType": "Screens",
        "EventType": 5,
        "TimestampUtc": "2023-12-24T19:26:22.3791281Z"
      },
      {
        "NewName": "SplashScreen.Background",
        "OldName": "SplashScreen.ColoredRectangleInstance",
        "ElementType": "Screens",
        "EventType": 7,
        "TimestampUtc": "2023-12-24T19:26:27.5038791Z"
      },
      {
        "NewName": "SplashScreen.TextInstance",
        "OldName": null,
        "ElementType": "Screens",
        "EventType": 5,
        "TimestampUtc": "2023-12-24T19:26:52.100708Z"
      },
      {
        "NewName": "SplashScreen.Title",
        "OldName": "SplashScreen.TextInstance",
        "ElementType": "Screens",
        "EventType": 7,
        "TimestampUtc": "2023-12-24T19:27:07.2955967Z"
      },
      {
        "NewName": "SplashScreen.TextInstance",
        "OldName": null,
        "ElementType": "Screens",
        "EventType": 5,
        "TimestampUtc": "2023-12-24T19:28:29.2494336Z"
      },
      {
        "NewName": "SplashScreen.DescriptionText",
        "OldName": "SplashScreen.TextInstance",
        "ElementType": "Screens",
        "EventType": 7,
        "TimestampUtc": "2023-12-24T19:28:37.2848379Z"
      },
      {
        "NewName": "SplashScreen.Description",
        "OldName": "SplashScreen.DescriptionText",
        "ElementType": "Screens",
        "EventType": 7,
        "TimestampUtc": "2023-12-24T19:29:03.0078051Z"
      },
      {
        "NewName": "SplashScreen.TextInstance",
        "OldName": null,
        "ElementType": "Screens",
        "EventType": 5,
        "TimestampUtc": "2023-12-24T19:29:38.5226608Z"
      },
      {
        "NewName": "SplashScreen.Instruction",
        "OldName": "SplashScreen.TextInstance",
        "ElementType": "Screens",
        "EventType": 7,
        "TimestampUtc": "2023-12-24T19:29:51.5200774Z"
      },
      {
        "NewName": "SimpleButton",
        "OldName": null,
        "ElementType": "Components",
        "EventType": 0,
        "TimestampUtc": "2023-12-26T18:55:24.2314803Z"
      },
      {
        "NewName": "SimpleButton (Container).ColoredRectangleInstance",
        "OldName": null,
        "ElementType": "Components",
        "EventType": 5,
        "TimestampUtc": "2023-12-26T18:56:06.8636065Z"
      },
      {
        "NewName": "SimpleButton (Container).OuterRectangle",
        "OldName": "SimpleButton (Container).ColoredRectangleInstance",
        "ElementType": "Components",
        "EventType": 7,
        "TimestampUtc": "2023-12-26T18:56:19.4216469Z"
      },
      {
        "NewName": "SimpleButton (Container).ColoredRectangleInstance",
        "OldName": null,
        "ElementType": "Components",
        "EventType": 5,
        "TimestampUtc": "2023-12-26T18:56:25.2385714Z"
      },
      {
        "NewName": "SimpleButton (Container).InnerRectangel",
        "OldName": "SimpleButton (Container).ColoredRectangleInstance",
        "ElementType": "Components",
        "EventType": 7,
        "TimestampUtc": "2023-12-26T18:56:30.3540595Z"
      },
      {
        "NewName": "SimpleButton (Container).InnerRectangle",
        "OldName": "SimpleButton (Container).InnerRectangel",
        "ElementType": "Components",
        "EventType": 7,
        "TimestampUtc": "2023-12-26T18:56:34.5665374Z"
      },
      {
        "NewName": "SimpleButton (Container).TextInstance",
        "OldName": null,
        "ElementType": "Components",
        "EventType": 5,
        "TimestampUtc": "2023-12-26T18:58:26.0144936Z"
      },
      {
        "NewName": "mainMenu",
        "OldName": null,
        "ElementType": "Screens",
        "EventType": 0,
        "TimestampUtc": "2023-12-26T19:04:00.9715629Z"
      },
      {
        "NewName": null,
        "OldName": "mainMenu",
        "ElementType": "Screens",
        "EventType": 1,
        "TimestampUtc": "2023-12-26T19:04:07.4250378Z"
      },
      {
        "NewName": "MainMenu",
        "OldName": null,
        "ElementType": "Screens",
        "EventType": 0,
        "TimestampUtc": "2023-12-26T19:04:13.0262838Z"
      },
      {
        "NewName": "MainMenu.ContainerInstance",
        "OldName": null,
        "ElementType": "Screens",
        "EventType": 5,
        "TimestampUtc": "2023-12-26T19:04:24.2442127Z"
      },
      {
        "NewName": "MainMenu.ButtonContainer",
        "OldName": "MainMenu.ContainerInstance",
        "ElementType": "Screens",
        "EventType": 7,
        "TimestampUtc": "2023-12-26T19:04:34.2002076Z"
      },
      {
        "NewName": "MainMenu.SimpleButtonInstance",
        "OldName": null,
        "ElementType": "Screens",
        "EventType": 5,
        "TimestampUtc": "2023-12-26T19:05:16.0401677Z"
      },
      {
        "NewName": "MainMenu.Screen1Button",
        "OldName": "MainMenu.SimpleButtonInstance",
        "ElementType": "Screens",
        "EventType": 7,
        "TimestampUtc": "2023-12-26T19:05:37.5919723Z"
      },
      {
        "NewName": "MainMenu.SimpleButtonInstance",
        "OldName": null,
        "ElementType": "Screens",
        "EventType": 5,
        "TimestampUtc": "2023-12-26T19:05:47.5368789Z"
      },
      {
        "NewName": "MainMenu.SimpleButtonInstance1",
        "OldName": null,
        "ElementType": "Screens",
        "EventType": 5,
        "TimestampUtc": "2023-12-26T19:05:52.122264Z"
      },
      {
        "NewName": "MainMenu.SecondScreenButton",
        "OldName": "MainMenu.SimpleButtonInstance",
        "ElementType": "Screens",
        "EventType": 7,
        "TimestampUtc": "2023-12-26T19:07:02.9551079Z"
      },
      {
        "NewName": null,
        "OldName": "MainMenu.Container ButtonContainer in MainMenu",
        "ElementType": "Screens",
        "EventType": 6,
        "TimestampUtc": "2023-12-26T19:07:42.7370529Z"
      },
      {
        "NewName": null,
        "OldName": "MainMenu.SimpleButton Screen1Button in MainMenu",
        "ElementType": "Screens",
        "EventType": 6,
        "TimestampUtc": "2023-12-26T19:07:42.7796427Z"
      },
      {
        "NewName": null,
        "OldName": "MainMenu.SimpleButton SecondScreenButton in MainMenu",
        "ElementType": "Screens",
        "EventType": 6,
        "TimestampUtc": "2023-12-26T19:07:42.8065047Z"
      },
      {
        "NewName": null,
        "OldName": "MainMenu.SimpleButton SimpleButtonInstance1 in MainMenu",
        "ElementType": "Screens",
        "EventType": 6,
        "TimestampUtc": "2023-12-26T19:07:42.8287009Z"
      },
      {
        "NewName": "MainMenu.SimpleButtonInstance",
        "OldName": null,
        "ElementType": "Screens",
        "EventType": 5,
        "TimestampUtc": "2023-12-26T19:15:23.48451Z"
      },
      {
        "NewName": "MainMenu.TestScreen1Button",
        "OldName": "MainMenu.SimpleButtonInstance",
        "ElementType": "Screens",
        "EventType": 7,
        "TimestampUtc": "2023-12-26T19:15:33.1209564Z"
      },
      {
        "NewName": "MainMenu.SimpleButtonInstance",
        "OldName": null,
        "ElementType": "Screens",
        "EventType": 5,
        "TimestampUtc": "2023-12-26T19:15:53.9130728Z"
      },
      {
        "NewName": "MainMenu.SimpleButtonInstance1",
        "OldName": null,
        "ElementType": "Screens",
        "EventType": 5,
        "TimestampUtc": "2023-12-26T19:15:57.2459756Z"
      },
      {
        "NewName": "MainMenu.ContainerInstance",
        "OldName": null,
        "ElementType": "Screens",
        "EventType": 5,
        "TimestampUtc": "2023-12-26T19:16:01.4083261Z"
      },
      {
        "NewName": "Selection",
        "OldName": "State",
        "ElementType": "Components",
        "EventType": 4,
        "TimestampUtc": "2023-12-26T19:34:59.5800791Z"
      },
      {
        "NewName": "MainMenu.Second",
        "OldName": "MainMenu.SimpleButtonInstance",
        "ElementType": "Screens",
        "EventType": 7,
        "TimestampUtc": "2023-12-26T19:42:54.5926007Z"
      },
      {
        "NewName": "MainMenu.ButtonContainer",
        "OldName": "MainMenu.ContainerInstance",
        "ElementType": "Screens",
        "EventType": 7,
        "TimestampUtc": "2023-12-26T19:47:03.8471514Z"
      },
      {
        "NewName": "SpriteButton",
        "OldName": null,
        "ElementType": "Components",
        "EventType": 0,
        "TimestampUtc": "2023-12-27T02:33:38.379864Z"
      },
      {
        "NewName": null,
        "OldName": "SpriteButton",
        "ElementType": "Components",
        "EventType": 1,
        "TimestampUtc": "2023-12-27T02:42:28.5076899Z"
      },
      {
        "NewName": "Background",
        "OldName": null,
        "ElementType": "Components",
        "EventType": 0,
        "TimestampUtc": "2023-12-27T02:42:34.4800836Z"
      },
      {
        "NewName": "Background (Container).ColoredRectangleInstance",
        "OldName": null,
        "ElementType": "Components",
        "EventType": 5,
        "TimestampUtc": "2023-12-27T02:42:43.4664196Z"
      },
      {
        "NewName": "Background (Container).BackgroundColor",
        "OldName": "Background (Container).ColoredRectangleInstance",
        "ElementType": "Components",
        "EventType": 7,
        "TimestampUtc": "2023-12-27T02:43:25.1812993Z"
      },
      {
        "NewName": "Background (Container).ColoredRectangleInstance",
        "OldName": null,
        "ElementType": "Components",
        "EventType": 5,
        "TimestampUtc": "2023-12-27T02:43:32.398744Z"
      },
      {
        "NewName": "Background (Container).Stripe1",
        "OldName": "Background (Container).ColoredRectangleInstance",
        "ElementType": "Components",
        "EventType": 7,
        "TimestampUtc": "2023-12-27T02:43:37.0658096Z"
      },
      {
        "NewName": "Background (Container).Stripe2",
        "OldName": null,
        "ElementType": "Components",
        "EventType": 5,
        "TimestampUtc": "2023-12-27T02:45:03.877935Z"
      },
      {
        "NewName": "Background (Container).Stripe3",
        "OldName": null,
        "ElementType": "Components",
        "EventType": 5,
        "TimestampUtc": "2023-12-27T02:45:04.9769418Z"
      },
      {
        "NewName": null,
        "OldName": "SplashScreen.ColoredRectangle Background in SplashScreen",
        "ElementType": "Screens",
        "EventType": 6,
        "TimestampUtc": "2023-12-27T02:46:51.4473516Z"
      },
      {
        "NewName": "SplashScreen.BackgroundInstance",
        "OldName": null,
        "ElementType": "Screens",
        "EventType": 5,
        "TimestampUtc": "2023-12-27T02:46:53.6115459Z"
      },
      {
        "NewName": "SpriteButton",
        "OldName": null,
        "ElementType": "Components",
        "EventType": 0,
        "TimestampUtc": "2023-12-27T02:52:31.9948045Z"
      },
      {
        "NewName": "SpriteButton (Container).ContainerInstance",
        "OldName": null,
        "ElementType": "Components",
        "EventType": 5,
        "TimestampUtc": "2023-12-27T02:53:02.740128Z"
      },
      {
        "NewName": "SpriteButton (Container).SpriteInstance",
        "OldName": null,
        "ElementType": "Components",
        "EventType": 5,
        "TimestampUtc": "2023-12-27T02:53:13.7271907Z"
      },
      {
        "NewName": "SpriteButton (Container).Left",
        "OldName": "SpriteButton (Container).SpriteInstance",
        "ElementType": "Components",
        "EventType": 7,
        "TimestampUtc": "2023-12-27T02:53:28.7429559Z"
      },
      {
        "NewName": "SpriteButton (Container).SpriteInstance",
        "OldName": null,
        "ElementType": "Components",
        "EventType": 5,
        "TimestampUtc": "2023-12-27T02:54:06.9889033Z"
      },
      {
        "NewName": "SpriteButton (Container).Right",
        "OldName": "SpriteButton (Container).SpriteInstance",
        "ElementType": "Components",
        "EventType": 7,
        "TimestampUtc": "2023-12-27T02:56:31.1925373Z"
      },
      {
        "NewName": "SpriteButton (Container).ColoredRectangleInstance",
        "OldName": null,
        "ElementType": "Components",
        "EventType": 5,
        "TimestampUtc": "2023-12-27T02:57:20.7336438Z"
      },
      {
        "NewName": "SpriteButton (Container).TextInstance",
        "OldName": null,
        "ElementType": "Components",
        "EventType": 5,
        "TimestampUtc": "2023-12-27T02:57:47.4633197Z"
      },
      {
        "NewName": "MainMenu.SpriteButtonInstance",
        "OldName": null,
        "ElementType": "Screens",
        "EventType": 5,
        "TimestampUtc": "2023-12-27T03:02:38.5998808Z"
      },
      {
        "NewName": null,
        "OldName": "MainMenu.SimpleButton TestScreen1Button in MainMenu",
        "ElementType": "Screens",
        "EventType": 6,
        "TimestampUtc": "2023-12-27T03:09:21.158669Z"
      },
      {
        "NewName": null,
        "OldName": "MainMenu.SimpleButton Second in MainMenu",
        "ElementType": "Screens",
        "EventType": 6,
        "TimestampUtc": "2023-12-27T03:09:22.7989166Z"
      },
      {
        "NewName": null,
        "OldName": "MainMenu.SimpleButton SimpleButtonInstance1 in MainMenu",
        "ElementType": "Screens",
        "EventType": 6,
        "TimestampUtc": "2023-12-27T03:09:25.0062613Z"
      },
      {
        "NewName": null,
        "OldName": "SimpleButton",
        "ElementType": "Components",
        "EventType": 1,
        "TimestampUtc": "2023-12-27T03:09:34.1215704Z"
      },
      {
        "NewName": "MainMenu.SpriteButtonInstance1",
        "OldName": null,
        "ElementType": "Screens",
        "EventType": 5,
        "TimestampUtc": "2023-12-27T03:10:47.8706411Z"
      },
      {
        "NewName": "MainMenu.TestScreen1Button",
        "OldName": "MainMenu.SpriteButtonInstance",
        "ElementType": "Screens",
        "EventType": 7,
        "TimestampUtc": "2023-12-27T03:11:09.7763046Z"
      },
      {
        "NewName": "MainMenu.SpriteButtonInstance",
        "OldName": null,
        "ElementType": "Screens",
        "EventType": 5,
        "TimestampUtc": "2023-12-27T03:11:13.4211483Z"
      }
    ]
  }
}