{
  "UserEvents": {
    "me": [
      {
        "NewName": null,
        "OldName": "MainMenu.SpriteButton SpriteButtonInstance1 in MainMenu",
        "ElementType": "Screens",
        "EventType": 6,
        "TimestampUtc": "2023-12-27T17:39:38.9422934Z"
      },
      {
        "NewName": null,
        "OldName": "MainMenu.SpriteButton SpriteButtonInstance in MainMenu",
        "ElementType": "Screens",
        "EventType": 6,
        "TimestampUtc": "2023-12-27T17:39:41.6010303Z"
      },
      {
        "NewName": null,
        "OldName": "SpriteButton (Container).Container ContainerInstance in SpriteButton (Container)",
        "ElementType": "Components",
        "EventType": 6,
        "TimestampUtc": "2023-12-27T20:07:02.4767257Z"
      },
      {
        "NewName": null,
        "OldName": "SpriteButton (Container).ColoredRectangle ColoredRectangleInstance in SpriteButton (Container)",
        "ElementType": "Components",
        "EventType": 6,
        "TimestampUtc": "2023-12-27T20:09:23.4136028Z"
      },
      {
        "NewName": null,
        "OldName": "SpriteButton (Container).Text TextInstance in SpriteButton (Container)",
        "ElementType": "Components",
        "EventType": 6,
        "TimestampUtc": "2023-12-27T20:09:23.4684152Z"
      },
      {
        "NewName": null,
        "OldName": "SpriteButton (Container).Sprite Right in SpriteButton (Container)",
        "ElementType": "Components",
        "EventType": 6,
        "TimestampUtc": "2023-12-27T20:09:26.2616545Z"
      },
      {
        "NewName": "SpriteButton (Container).ColoredRectangleInstance",
        "OldName": null,
        "ElementType": "Components",
        "EventType": 5,
        "TimestampUtc": "2023-12-27T20:11:13.1775987Z"
      },
      {
        "NewName": null,
        "OldName": "SpriteButton (Container).ColoredRectangle ColoredRectangleInstance in SpriteButton (Container)",
        "ElementType": "Components",
        "EventType": 6,
        "TimestampUtc": "2023-12-27T20:13:16.3203587Z"
      },
      {
        "NewName": "MainMenu.ColoredRectangleInstance",
        "OldName": null,
        "ElementType": "Screens",
        "EventType": 5,
        "TimestampUtc": "2023-12-27T20:13:37.3445515Z"
      },
      {
        "NewName": null,
        "OldName": "SpriteButton (Container).Container ContainerInstance in SpriteButton (Container)",
        "ElementType": "Components",
        "EventType": 6,
        "TimestampUtc": "2023-12-27T20:40:36.6714436Z"
      },
      {
        "NewName": "MainMenu.BackgroundInstance",
        "OldName": null,
        "ElementType": "Screens",
        "EventType": 5,
        "TimestampUtc": "2023-12-27T20:49:09.9282157Z"
      },
      {
        "NewName": "MainMenu.ContainerInstance",
        "OldName": null,
        "ElementType": "Screens",
        "EventType": 5,
        "TimestampUtc": "2023-12-28T18:56:39.062031Z"
      },
      {
        "NewName": null,
        "OldName": "MainMenu.Container ContainerInstance in MainMenu",
        "ElementType": "Screens",
        "EventType": 6,
        "TimestampUtc": "2023-12-28T18:56:57.225011Z"
      },
      {
        "NewName": "MainMenu.TextInstance",
        "OldName": null,
        "ElementType": "Screens",
        "EventType": 5,
        "TimestampUtc": "2023-12-28T18:57:00.9720107Z"
      },
      {
        "NewName": "MainMenu.Label",
        "OldName": "MainMenu.TextInstance",
        "ElementType": "Screens",
        "EventType": 7,
        "TimestampUtc": "2023-12-28T18:57:09.7063068Z"
      },
      {
        "NewName": "ControlsDemoScreen",
        "OldName": null,
        "ElementType": "Screens",
        "EventType": 0,
        "TimestampUtc": "2023-12-28T19:03:22.5139559Z"
      },
      {
        "NewName": "ControlsDemoScreen.BackgroundInstance",
        "OldName": null,
        "ElementType": "Screens",
        "EventType": 5,
        "TimestampUtc": "2023-12-28T19:03:34.3916931Z"
      },
      {
        "NewName": "ScreenLabel",
        "OldName": null,
        "ElementType": "Components",
        "EventType": 0,
        "TimestampUtc": "2023-12-28T19:04:44.7008334Z"
      },
      {
        "NewName": "MainMenu.Label1",
        "OldName": null,
        "ElementType": "Screens",
        "EventType": 5,
        "TimestampUtc": "2023-12-28T19:05:03.4446446Z"
      },
      {
        "NewName": "MainMenu.Label1",
        "OldName": null,
        "ElementType": "Screens",
        "EventType": 5,
        "TimestampUtc": "2023-12-28T19:05:27.9669674Z"
      },
      {
        "NewName": "MainMenu.Label1",
        "OldName": null,
        "ElementType": "Screens",
        "EventType": 5,
        "TimestampUtc": "2023-12-28T19:05:54.52299Z"
      },
      {
        "NewName": "MainMenu.Label1",
        "OldName": null,
        "ElementType": "Screens",
        "EventType": 5,
        "TimestampUtc": "2023-12-28T19:09:13.5306087Z"
      },
      {
        "NewName": null,
        "OldName": "MainMenu.Text Label in MainMenu",
        "ElementType": "Screens",
        "EventType": 6,
        "TimestampUtc": "2023-12-28T19:17:37.8501758Z"
      },
      {
        "NewName": "MainMenu.ScreenLabelInstance",
        "OldName": null,
        "ElementType": "Screens",
        "EventType": 5,
        "TimestampUtc": "2023-12-28T19:19:04.509289Z"
      },
      {
        "NewName": "ControlsDemoScreen.ScreenLabelInstance",
        "OldName": null,
        "ElementType": "Screens",
        "EventType": 5,
        "TimestampUtc": "2023-12-28T19:19:40.6653534Z"
      },
      {
        "NewName": "Panel",
        "OldName": null,
        "ElementType": "Components",
        "EventType": 0,
        "TimestampUtc": "2023-12-28T19:20:24.0343476Z"
      },
      {
        "NewName": "Panel (Container).ColoredRectangleInstance",
        "OldName": null,
        "ElementType": "Components",
        "EventType": 5,
        "TimestampUtc": "2023-12-28T19:20:45.0929864Z"
      },
      {
        "NewName": "Panel (Container).Background",
        "OldName": "Panel (Container).ColoredRectangleInstance",
        "ElementType": "Components",
        "EventType": 7,
        "TimestampUtc": "2023-12-28T19:20:52.9530376Z"
      },
      {
        "NewName": "Panel (Container).ColoredRectangleInstance",
        "OldName": null,
        "ElementType": "Components",
        "EventType": 5,
        "TimestampUtc": "2023-12-28T19:21:21.949097Z"
      },
      {
        "NewName": "Panel (Container).Left",
        "OldName": "Panel (Container).ColoredRectangleInstance",
        "ElementType": "Components",
        "EventType": 7,
        "TimestampUtc": "2023-12-28T19:21:26.6604369Z"
      },
      {
        "NewName": "Panel (Container).ColoredRectangleInstance",
        "OldName": null,
        "ElementType": "Components",
        "EventType": 5,
        "TimestampUtc": "2023-12-28T19:22:08.9115968Z"
      },
      {
        "NewName": "Panel (Container).Right",
        "OldName": "Panel (Container).ColoredRectangleInstance",
        "ElementType": "Components",
        "EventType": 7,
        "TimestampUtc": "2023-12-28T19:22:12.3239136Z"
      },
      {
        "NewName": "Panel (Container).ColoredRectangleInstance",
        "OldName": null,
        "ElementType": "Components",
        "EventType": 5,
        "TimestampUtc": "2023-12-28T19:22:37.3595729Z"
      },
      {
        "NewName": "Panel (Container).Top",
        "OldName": "Panel (Container).ColoredRectangleInstance",
        "ElementType": "Components",
        "EventType": 7,
        "TimestampUtc": "2023-12-28T19:22:43.0584367Z"
      },
      {
        "NewName": "Panel (Container).ColoredRectangleInstance",
        "OldName": null,
        "ElementType": "Components",
        "EventType": 5,
        "TimestampUtc": "2023-12-28T19:23:00.01118Z"
      },
      {
        "NewName": "ControlsDemoScreen.PanelInstance",
        "OldName": null,
        "ElementType": "Screens",
        "EventType": 5,
        "TimestampUtc": "2023-12-28T19:23:22.8402574Z"
      },
      {
        "NewName": "VerticalProgressBar",
        "OldName": null,
        "ElementType": "Components",
        "EventType": 0,
        "TimestampUtc": "2023-12-28T19:25:36.3888952Z"
      },
      {
        "NewName": "VerticalProgressBar (Container).ColoredRectangleInstance",
        "OldName": null,
        "ElementType": "Components",
        "EventType": 5,
        "TimestampUtc": "2023-12-28T19:25:56.7019039Z"
      },
      {
        "NewName": "VerticalProgressBar (Container).Background",
        "OldName": "VerticalProgressBar (Container).ColoredRectangleInstance",
        "ElementType": "Components",
        "EventType": 7,
        "TimestampUtc": "2023-12-28T19:26:07.1699251Z"
      },
      {
        "NewName": "VerticalProgressBar (Container).ContainerInstance",
        "OldName": null,
        "ElementType": "Components",
        "EventType": 5,
        "TimestampUtc": "2023-12-28T19:28:13.0373868Z"
      },
      {
        "NewName": "VerticalProgressBar (Container).Indicators",
        "OldName": "VerticalProgressBar (Container).ContainerInstance",
        "ElementType": "Components",
        "EventType": 7,
        "TimestampUtc": "2023-12-28T19:28:30.0642518Z"
      },
      {
        "NewName": "VerticalProgressBar (Container).SpriteInstance",
        "OldName": null,
        "ElementType": "Components",
        "EventType": 5,
        "TimestampUtc": "2023-12-28T19:29:14.3440775Z"
      },
      {
        "NewName": "VerticalProgressBar (Container).SpriteInstance1",
        "OldName": null,
        "ElementType": "Components",
        "EventType": 5,
        "TimestampUtc": "2023-12-28T19:31:00.6699609Z"
      },
      {
        "NewName": "VerticalProgressBar (Container).SpriteInstance2",
        "OldName": null,
        "ElementType": "Components",
        "EventType": 5,
        "TimestampUtc": "2023-12-28T19:31:01.3818545Z"
      },
      {
        "NewName": null,
        "OldName": "VerticalProgressBar (Container).Sprite SpriteInstance in VerticalProgressBar (Container)",
        "ElementType": "Components",
        "EventType": 6,
        "TimestampUtc": "2023-12-28T19:31:53.5285582Z"
      },
      {
        "NewName": null,
        "OldName": "VerticalProgressBar (Container).Sprite SpriteInstance1 in VerticalProgressBar (Container)",
        "ElementType": "Components",
        "EventType": 6,
        "TimestampUtc": "2023-12-28T19:31:55.1564507Z"
      },
      {
        "NewName": null,
        "OldName": "VerticalProgressBar (Container).Sprite SpriteInstance2 in VerticalProgressBar (Container)",
        "ElementType": "Components",
        "EventType": 6,
        "TimestampUtc": "2023-12-28T19:31:56.8142644Z"
      },
      {
        "NewName": "ProgressIndicator",
        "OldName": null,
        "ElementType": "Components",
        "EventType": 0,
        "TimestampUtc": "2023-12-28T19:32:15.1304802Z"
      },
      {
        "NewName": "ControlsDemoScreen.SpriteInstance",
        "OldName": null,
        "ElementType": "Screens",
        "EventType": 5,
        "TimestampUtc": "2023-12-28T19:35:45.7208326Z"
      },
      {
        "NewName": null,
        "OldName": "ControlsDemoScreen.Sprite SpriteInstance in ControlsDemoScreen",
        "ElementType": "Screens",
        "EventType": 6,
        "TimestampUtc": "2023-12-28T19:40:07.0799795Z"
      },
      {
        "NewName": "VerticalProgressBar (Container).ProgressIndicatorInstance",
        "OldName": null,
        "ElementType": "Components",
        "EventType": 5,
        "TimestampUtc": "2023-12-28T19:49:26.861804Z"
      },
      {
        "NewName": null,
        "OldName": "VerticalProgressBar (Container).ProgressIndicator ProgressIndicatorInstance in VerticalProgressBar (Container)",
        "ElementType": "Components",
        "EventType": 6,
        "TimestampUtc": "2023-12-28T19:50:22.8313644Z"
      },
      {
        "NewName": "VerticalProgressBar (Container).ProgressIndicatorInstance",
        "OldName": null,
        "ElementType": "Components",
        "EventType": 5,
        "TimestampUtc": "2023-12-28T19:51:04.0965601Z"
      },
      {
        "NewName": "VerticalProgressBar (Container).ProgressIndicatorInstance1",
        "OldName": null,
        "ElementType": "Components",
        "EventType": 5,
        "TimestampUtc": "2023-12-28T19:51:45.7062536Z"
      },
      {
        "NewName": "VerticalProgressBar (Container).ProgressIndicatorInstance2",
        "OldName": null,
        "ElementType": "Components",
        "EventType": 5,
        "TimestampUtc": "2023-12-28T19:51:46.3957759Z"
      },
      {
        "NewName": "VerticalProgressBar (Container).ProgressIndicatorInstance3",
        "OldName": null,
        "ElementType": "Components",
        "EventType": 5,
        "TimestampUtc": "2023-12-28T19:51:46.7061805Z"
      },
      {
        "NewName": null,
        "OldName": "VerticalProgressBar (Container).ProgressIndicator ProgressIndicatorInstance1 in VerticalProgressBar (Container)",
        "ElementType": "Components",
        "EventType": 6,
        "TimestampUtc": "2023-12-28T19:51:54.6763193Z"
      },
      {
        "NewName": null,
        "OldName": "VerticalProgressBar (Container).ProgressIndicator ProgressIndicatorInstance in VerticalProgressBar (Container)",
        "ElementType": "Components",
        "EventType": 6,
        "TimestampUtc": "2023-12-28T20:01:18.7826576Z"
      },
      {
        "NewName": "ControlsDemoScreen.ContainerInstance",
        "OldName": null,
        "ElementType": "Screens",
        "EventType": 5,
        "TimestampUtc": "2023-12-28T20:08:28.750606Z"
      },
      {
        "NewName": "ControlsDemoScreen.ProgressBars",
        "OldName": "ControlsDemoScreen.ContainerInstance",
        "ElementType": "Screens",
        "EventType": 7,
        "TimestampUtc": "2023-12-28T20:08:33.4585241Z"
      },
      {
        "NewName": "ControlsDemoScreen.ProgressBars",
        "OldName": "ControlsDemoScreen.ContainerInstance",
        "ElementType": "Screens",
        "EventType": 7,
        "TimestampUtc": "2023-12-28T20:08:33.4596798Z"
      },
      {
        "NewName": "ControlsDemoScreen.SpriteInstance",
        "OldName": null,
        "ElementType": "Screens",
        "EventType": 5,
        "TimestampUtc": "2023-12-28T20:08:57.3352547Z"
      },
      {
        "NewName": "ControlsDemoScreen.Icon",
        "OldName": "ControlsDemoScreen.SpriteInstance",
        "ElementType": "Screens",
        "EventType": 7,
        "TimestampUtc": "2023-12-28T20:09:07.0382004Z"
      },
      {
        "NewName": "ControlsDemoScreen.Icon",
        "OldName": "ControlsDemoScreen.SpriteInstance",
        "ElementType": "Screens",
        "EventType": 7,
        "TimestampUtc": "2023-12-28T20:09:07.0392041Z"
      },
      {
        "NewName": "ControlsDemoScreen.VerticalProgressBarInstance",
        "OldName": null,
        "ElementType": "Screens",
        "EventType": 5,
        "TimestampUtc": "2023-12-28T20:10:32.407187Z"
      },
      {
        "NewName": "ControlsDemoScreen.ContainerInstance",
        "OldName": null,
        "ElementType": "Screens",
        "EventType": 5,
        "TimestampUtc": "2023-12-28T20:11:47.1598073Z"
      },
      {
        "NewName": "ControlsDemoScreen.BatteryProgress",
        "OldName": "ControlsDemoScreen.VerticalProgressBarInstance",
        "ElementType": "Screens",
        "EventType": 7,
        "TimestampUtc": "2023-12-28T20:13:32.452312Z"
      },
      {
        "NewName": "ControlsDemoScreen.BatteryProgress",
        "OldName": "ControlsDemoScreen.VerticalProgressBarInstance",
        "ElementType": "Screens",
        "EventType": 7,
        "TimestampUtc": "2023-12-28T20:13:32.4533085Z"
      },
      {
        "NewName": "ControlsDemoScreen.BatteryProgressBar",
        "OldName": "ControlsDemoScreen.BatteryProgress",
        "ElementType": "Screens",
        "EventType": 7,
        "TimestampUtc": "2023-12-28T20:13:37.8369354Z"
      },
      {
        "NewName": "ControlsDemoScreen.BatteryProgressBar",
        "OldName": "ControlsDemoScreen.BatteryProgress",
        "ElementType": "Screens",
        "EventType": 7,
        "TimestampUtc": "2023-12-28T20:13:37.8369354Z"
      },
      {
        "NewName": "ControlsDemoScreen.Icon1",
        "OldName": null,
        "ElementType": "Screens",
        "EventType": 5,
        "TimestampUtc": "2023-12-28T20:13:40.248882Z"
      },
      {
        "NewName": "ControlsDemoScreen.BatteryProgressBar1",
        "OldName": null,
        "ElementType": "Screens",
        "EventType": 5,
        "TimestampUtc": "2023-12-28T20:13:40.2573946Z"
      },
      {
        "NewName": "ControlsDemoScreen.ContainerInstance1",
        "OldName": null,
        "ElementType": "Screens",
        "EventType": 5,
        "TimestampUtc": "2023-12-28T20:13:40.2653952Z"
      },
      {
        "NewName": "ControlsDemoScreen.BatteryIcon",
        "OldName": "ControlsDemoScreen.Icon",
        "ElementType": "Screens",
        "EventType": 7,
        "TimestampUtc": "2023-12-28T20:13:46.2354035Z"
      },
      {
        "NewName": "ControlsDemoScreen.BatteryIcon",
        "OldName": "ControlsDemoScreen.Icon",
        "ElementType": "Screens",
        "EventType": 7,
        "TimestampUtc": "2023-12-28T20:13:46.2359979Z"
      },
      {
        "NewName": "ControlsDemoScreen.BatteryContainer",
        "OldName": "ControlsDemoScreen.ContainerInstance",
        "ElementType": "Screens",
        "EventType": 7,
        "TimestampUtc": "2023-12-28T20:14:11.9954093Z"
      },
      {
        "NewName": "ControlsDemoScreen.BatteryContainer",
        "OldName": "ControlsDemoScreen.ContainerInstance",
        "ElementType": "Screens",
        "EventType": 7,
        "TimestampUtc": "2023-12-28T20:14:11.9963969Z"
      },
      {
        "NewName": "ControlsDemoScreen.GearContainer",
        "OldName": "ControlsDemoScreen.ContainerInstance1",
        "ElementType": "Screens",
        "EventType": 7,
        "TimestampUtc": "2023-12-28T20:14:59.2030123Z"
      },
      {
        "NewName": "ControlsDemoScreen.GearContainer",
        "OldName": "ControlsDemoScreen.ContainerInstance1",
        "ElementType": "Screens",
        "EventType": 7,
        "TimestampUtc": "2023-12-28T20:14:59.2037749Z"
      },
      {
        "NewName": "ControlsDemoScreen.GearIcon",
        "OldName": "ControlsDemoScreen.Icon1",
        "ElementType": "Screens",
        "EventType": 7,
        "TimestampUtc": "2023-12-28T20:15:04.9248723Z"
      },
      {
        "NewName": "ControlsDemoScreen.GearIcon",
        "OldName": "ControlsDemoScreen.Icon1",
        "ElementType": "Screens",
        "EventType": 7,
        "TimestampUtc": "2023-12-28T20:15:04.9258714Z"
      },
      {
        "NewName": "ControlsDemoScreen.HomeContainer",
        "OldName": "ControlsDemoScreen.GearContainer",
        "ElementType": "Screens",
        "EventType": 7,
        "TimestampUtc": "2023-12-28T20:15:46.7306363Z"
      },
      {
        "NewName": "ControlsDemoScreen.HomeContainer",
        "OldName": "ControlsDemoScreen.GearContainer",
        "ElementType": "Screens",
        "EventType": 7,
        "TimestampUtc": "2023-12-28T20:15:46.7306363Z"
      },
      {
        "NewName": "ControlsDemoScreen.HomeIcon",
        "OldName": "ControlsDemoScreen.GearIcon",
        "ElementType": "Screens",
        "EventType": 7,
        "TimestampUtc": "2023-12-28T20:15:49.4029644Z"
      },
      {
        "NewName": "ControlsDemoScreen.HomeIcon",
        "OldName": "ControlsDemoScreen.GearIcon",
        "ElementType": "Screens",
        "EventType": 7,
        "TimestampUtc": "2023-12-28T20:15:49.4039669Z"
      },
      {
        "NewName": "ControlsDemoScreen.HomeProgressBar",
        "OldName": "ControlsDemoScreen.BatteryProgressBar1",
        "ElementType": "Screens",
        "EventType": 7,
        "TimestampUtc": "2023-12-28T20:16:04.7828351Z"
      },
      {
        "NewName": "ControlsDemoScreen.HomeProgressBar",
        "OldName": "ControlsDemoScreen.BatteryProgressBar1",
        "ElementType": "Screens",
        "EventType": 7,
        "TimestampUtc": "2023-12-28T20:16:04.7828351Z"
      },
      {
        "NewName": "MainMenu.ControlsDemoScreenButton",
        "OldName": "MainMenu.SpriteButtonInstance1",
        "ElementType": "Screens",
        "EventType": 7,
        "TimestampUtc": "2023-12-28T20:20:19.6087762Z"
      },
      {
        "NewName": "ControlsDemoScreen.ContainerInstance",
        "OldName": null,
        "ElementType": "Screens",
        "EventType": 5,
        "TimestampUtc": "2023-12-29T01:59:33.3607364Z"
      },
      {
        "NewName": "ControlsDemoScreen.Buttons",
        "OldName": "ControlsDemoScreen.ContainerInstance",
        "ElementType": "Screens",
        "EventType": 7,
        "TimestampUtc": "2023-12-29T01:59:38.6590883Z"
      },
      {
        "NewName": "ControlsDemoScreen.Buttons",
        "OldName": "ControlsDemoScreen.ContainerInstance",
        "ElementType": "Screens",
        "EventType": 7,
        "TimestampUtc": "2023-12-29T01:59:38.6600876Z"
      },
      {
        "NewName": "ControlsDemoScreen.ContainerInstance",
        "OldName": null,
        "ElementType": "Screens",
        "EventType": 5,
        "TimestampUtc": "2023-12-29T02:02:59.5544648Z"
      },
      {
        "NewName": "ControlsDemoScreen.Container",
        "OldName": "ControlsDemoScreen.ContainerInstance",
        "ElementType": "Screens",
        "EventType": 7,
        "TimestampUtc": "2023-12-29T02:03:11.7025306Z"
      },
      {
        "NewName": "ControlsDemoScreen.Container",
        "OldName": "ControlsDemoScreen.ContainerInstance",
        "ElementType": "Screens",
        "EventType": 7,
        "TimestampUtc": "2023-12-29T02:03:11.7035065Z"
      },
      {
        "NewName": "ControlsDemoScreen.SpriteButtonInstance",
        "OldName": null,
        "ElementType": "Screens",
        "EventType": 5,
        "TimestampUtc": "2023-12-29T02:10:43.6811874Z"
      },
      {
        "NewName": "ControlsDemoScreen.HomeButton",
        "OldName": "ControlsDemoScreen.SpriteButtonInstance",
        "ElementType": "Screens",
        "EventType": 7,
        "TimestampUtc": "2023-12-29T02:14:31.6487167Z"
      },
      {
        "NewName": "ControlsDemoScreen.HomeButton",
        "OldName": "ControlsDemoScreen.SpriteButtonInstance",
        "ElementType": "Screens",
        "EventType": 7,
        "TimestampUtc": "2023-12-29T02:14:31.6497095Z"
      },
      {
        "NewName": "ControlsDemoScreen.SpriteButtonInstance",
        "OldName": null,
        "ElementType": "Screens",
        "EventType": 5,
        "TimestampUtc": "2023-12-29T02:14:40.450793Z"
      },
      {
        "NewName": "ControlsDemoScreen.TempButton",
        "OldName": "ControlsDemoScreen.SpriteButtonInstance",
        "ElementType": "Screens",
        "EventType": 7,
        "TimestampUtc": "2023-12-29T02:14:50.1070594Z"
      },
      {
        "NewName": "ControlsDemoScreen.TempButton",
        "OldName": "ControlsDemoScreen.SpriteButtonInstance",
        "ElementType": "Screens",
        "EventType": 7,
        "TimestampUtc": "2023-12-29T02:14:50.1081028Z"
      },
      {
        "NewName": "ControlsDemoScreen.SpriteButtonInstance",
        "OldName": null,
        "ElementType": "Screens",
        "EventType": 5,
        "TimestampUtc": "2023-12-29T02:19:48.6401354Z"
      },
      {
        "NewName": null,
        "OldName": "ControlsDemoScreen.SpriteButton SpriteButtonInstance in ControlsDemoScreen",
        "ElementType": "Screens",
        "EventType": 6,
        "TimestampUtc": "2023-12-29T02:21:32.8213818Z"
      },
      {
        "NewName": "ControlsDemoScreen.SpriteButtonInstance",
        "OldName": null,
        "ElementType": "Screens",
        "EventType": 5,
        "TimestampUtc": "2023-12-29T02:21:53.4770664Z"
      },
      {
        "NewName": null,
        "OldName": "ControlsDemoScreen.SpriteButton SpriteButtonInstance in ControlsDemoScreen",
        "ElementType": "Screens",
        "EventType": 6,
        "TimestampUtc": "2023-12-29T02:22:02.4993504Z"
      },
      {
        "NewName": "ToggleButton",
        "OldName": null,
        "ElementType": "Components",
        "EventType": 0,
        "TimestampUtc": "2023-12-29T02:25:17.1703031Z"
      },
      {
        "NewName": "SpriteButton (Container).ContainerInstance",
        "OldName": null,
        "ElementType": "Components",
        "EventType": 5,
        "TimestampUtc": "2023-12-29T02:25:38.581037Z"
      },
      {
        "NewName": "ToggleButton (Container).ContainerInstance",
        "OldName": null,
        "ElementType": "Components",
        "EventType": 5,
        "TimestampUtc": "2023-12-29T02:25:40.9569967Z"
      },
      {
        "NewName": null,
        "OldName": "SpriteButton (Container).Container ContainerInstance in SpriteButton (Container)",
        "ElementType": "Components",
        "EventType": 6,
        "TimestampUtc": "2023-12-29T02:25:43.4811875Z"
      },
      {
        "NewName": "ToggleButton (Container).ToggleSection",
        "OldName": "ToggleButton (Container).ContainerInstance",
        "ElementType": "Components",
        "EventType": 7,
        "TimestampUtc": "2023-12-29T02:25:51.1764464Z"
      },
      {
        "NewName": null,
        "OldName": "ToggleButton (Container).Container ToggleSection in ToggleButton (Container)",
        "ElementType": "Components",
        "EventType": 6,
        "TimestampUtc": "2023-12-29T02:26:20.1752733Z"
      },
      {
        "NewName": "ToggleButton (Container).SpriteInstance",
        "OldName": null,
        "ElementType": "Components",
        "EventType": 5,
        "TimestampUtc": "2023-12-29T02:26:27.6429625Z"
      },
      {
        "NewName": "ToggleButton (Container).Left",
        "OldName": "ToggleButton (Container).SpriteInstance",
        "ElementType": "Components",
        "EventType": 7,
        "TimestampUtc": "2023-12-29T02:26:32.0447164Z"
      },
      {
        "NewName": "ToggleButton (Container).ColoredRectangleInstance",
        "OldName": null,
        "ElementType": "Components",
        "EventType": 5,
        "TimestampUtc": "2023-12-29T02:28:28.2098422Z"
      },
      {
        "NewName": "ToggleButton (Container).Left1",
        "OldName": null,
        "ElementType": "Components",
        "EventType": 5,
        "TimestampUtc": "2023-12-29T02:31:46.8646669Z"
      },
      {
        "NewName": "ToggleButton (Container).Right",
        "OldName": "ToggleButton (Container).Left1",
        "ElementType": "Components",
        "EventType": 7,
        "TimestampUtc": "2023-12-29T02:31:53.0900878Z"
      },
      {
        "NewName": "ToggleButton (Container).ContainerInstance",
        "OldName": null,
        "ElementType": "Components",
        "EventType": 5,
        "TimestampUtc": "2023-12-29T02:36:54.9585787Z"
      },
      {
        "NewName": "ToggleButton (Container).TextInstance",
        "OldName": null,
        "ElementType": "Components",
        "EventType": 5,
        "TimestampUtc": "2023-12-29T02:39:34.6329983Z"
      },
      {
        "NewName": "ToggleButton (Container).Label",
        "OldName": "ToggleButton (Container).TextInstance",
        "ElementType": "Components",
        "EventType": 7,
        "TimestampUtc": "2023-12-29T02:39:40.8021171Z"
      },
      {
        "NewName": "ToggleButton (Container).SpriteInstance",
        "OldName": null,
        "ElementType": "Components",
        "EventType": 5,
        "TimestampUtc": "2023-12-29T02:43:05.9044621Z"
      },
      {
        "NewName": "ToggleButton (Container).Indicator",
        "OldName": "ToggleButton (Container).SpriteInstance",
        "ElementType": "Components",
        "EventType": 7,
        "TimestampUtc": "2023-12-29T02:43:13.4302897Z"
      },
      {
        "NewName": "ControlsDemoScreen.ContainerInstance",
        "OldName": null,
        "ElementType": "Screens",
        "EventType": 5,
        "TimestampUtc": "2023-12-29T02:50:28.1757322Z"
      },
      {
        "NewName": "ControlsDemoScreen.OtherControls",
        "OldName": "ControlsDemoScreen.ContainerInstance",
        "ElementType": "Screens",
        "EventType": 7,
        "TimestampUtc": "2023-12-29T02:50:33.9003889Z"
      },
      {
        "NewName": "ControlsDemoScreen.OtherControls",
        "OldName": "ControlsDemoScreen.ContainerInstance",
        "ElementType": "Screens",
        "EventType": 7,
        "TimestampUtc": "2023-12-29T02:50:33.9013894Z"
      },
      {
        "NewName": "ControlsDemoScreen.ToggleButtonInstance",
        "OldName": null,
        "ElementType": "Screens",
        "EventType": 5,
        "TimestampUtc": "2023-12-29T02:51:43.2427269Z"
      },
      {
        "NewName": "OnA",
        "OldName": "On",
        "ElementType": "Components",
        "EventType": 3,
        "TimestampUtc": "2023-12-29T02:52:31.7154818Z"
      },
      {
        "NewName": "Off",
        "OldName": "Off",
        "ElementType": "Components",
        "EventType": 3,
        "TimestampUtc": "2023-12-29T02:52:38.2592488Z"
      },
      {
        "NewName": "On",
        "OldName": "OnA",
        "ElementType": "Components",
        "EventType": 3,
        "TimestampUtc": "2023-12-29T02:52:43.3294126Z"
      },
      {
        "NewName": "ToggleButton (Container).TextInstance",
        "OldName": null,
        "ElementType": "Components",
        "EventType": 5,
        "TimestampUtc": "2023-12-29T02:56:41.5827989Z"
      },
      {
        "NewName": null,
        "OldName": "ToggleButton (Container).Text TextInstance in ToggleButton (Container)",
        "ElementType": "Components",
        "EventType": 6,
        "TimestampUtc": "2023-12-29T02:57:18.9398589Z"
      },
      {
        "NewName": "ControlsDemoScreen.TextInstance",
        "OldName": null,
        "ElementType": "Screens",
        "EventType": 5,
        "TimestampUtc": "2023-12-29T02:57:29.5478904Z"
      },
      {
        "NewName": null,
        "OldName": "ControlsDemoScreen.Text TextInstance in ControlsDemoScreen",
        "ElementType": "Screens",
        "EventType": 6,
        "TimestampUtc": "2023-12-29T02:57:38.6136484Z"
      },
      {
        "NewName": "VerticalProgressBar (Container).TextInstance",
        "OldName": null,
        "ElementType": "Components",
        "EventType": 5,
        "TimestampUtc": "2023-12-29T02:57:57.3491963Z"
      },
      {
        "NewName": null,
        "OldName": "VerticalProgressBar (Container).Text TextInstance in VerticalProgressBar (Container)",
        "ElementType": "Components",
        "EventType": 6,
        "TimestampUtc": "2023-12-29T02:58:02.8877443Z"
      },
      {
        "NewName": "ControlsDemoScreen.ContainerInstance",
        "OldName": null,
        "ElementType": "Screens",
        "EventType": 5,
        "TimestampUtc": "2023-12-29T02:58:17.3947076Z"
      },
      {
        "NewName": "ControlsDemoScreen.TextInstance",
        "OldName": null,
        "ElementType": "Screens",
        "EventType": 5,
        "TimestampUtc": "2023-12-29T02:58:20.7980673Z"
      },
      {
        "NewName": null,
        "OldName": "ControlsDemoScreen.Container ContainerInstance in ControlsDemoScreen",
        "ElementType": "Screens",
        "EventType": 6,
        "TimestampUtc": "2023-12-29T02:58:26.2741381Z"
      },
      {
        "NewName": null,
        "OldName": "ControlsDemoScreen.Text TextInstance in ControlsDemoScreen",
        "ElementType": "Screens",
        "EventType": 6,
        "TimestampUtc": "2023-12-29T19:33:19.5112861Z"
      },
      {
        "NewName": "SplashScreen.SpriteInstance",
        "OldName": null,
        "ElementType": "Screens",
        "EventType": 5,
        "TimestampUtc": "2023-12-29T20:07:59.0369472Z"
      },
      {
        "NewName": null,
        "OldName": "SplashScreen.Sprite SpriteInstance in SplashScreen",
        "ElementType": "Screens",
        "EventType": 6,
        "TimestampUtc": "2023-12-29T20:09:05.5365492Z"
      },
      {
        "NewName": "Screen1.ToggleButtonInstance",
        "OldName": null,
        "ElementType": "Screens",
        "EventType": 5,
        "TimestampUtc": "2023-12-30T02:33:28.6384597Z"
      },
      {
        "NewName": "Slider",
        "OldName": null,
        "ElementType": "Components",
        "EventType": 0,
        "TimestampUtc": "2023-12-30T02:36:43.6961647Z"
      },
      {
        "NewName": "Slider (Container).ContainerInstance",
        "OldName": null,
        "ElementType": "Components",
        "EventType": 5,
        "TimestampUtc": "2023-12-30T02:38:55.0411532Z"
      },
      {
        "NewName": "Slider (Container).TextArea",
        "OldName": "Slider (Container).ContainerInstance",
        "ElementType": "Components",
        "EventType": 7,
        "TimestampUtc": "2023-12-30T02:39:02.574488Z"
      },
      {
        "NewName": "Slider (Container).TextInstance",
        "OldName": null,
        "ElementType": "Components",
        "EventType": 5,
        "TimestampUtc": "2023-12-30T02:40:51.1428648Z"
      },
      {
        "NewName": "Slider (Container).Label",
        "OldName": "Slider (Container).TextInstance",
        "ElementType": "Components",
        "EventType": 7,
        "TimestampUtc": "2023-12-30T02:41:17.5444336Z"
      },
      {
        "NewName": null,
        "OldName": "Slider (Container).Text Label in Slider (Container)",
        "ElementType": "Components",
        "EventType": 6,
        "TimestampUtc": "2023-12-30T02:43:09.5587607Z"
      },
      {
        "NewName": "Slider (Container).Label",
        "OldName": null,
        "ElementType": "Components",
        "EventType": 5,
        "TimestampUtc": "2023-12-30T02:43:15.5090513Z"
      },
      {
        "NewName": "Slider (Container).ContainerInstance",
        "OldName": null,
        "ElementType": "Components",
        "EventType": 5,
        "TimestampUtc": "2023-12-30T02:43:35.8466904Z"
      },
      {
        "NewName": "Slider (Container).SliderArea",
        "OldName": "Slider (Container).ContainerInstance",
        "ElementType": "Components",
        "EventType": 7,
        "TimestampUtc": "2023-12-30T02:43:40.7549173Z"
      },
      {
        "NewName": "Slider (Container).SpriteInstance",
        "OldName": null,
        "ElementType": "Components",
        "EventType": 5,
        "TimestampUtc": "2023-12-30T02:43:55.3744659Z"
      },
      {
        "NewName": "Slider (Container).Left",
        "OldName": "Slider (Container).SpriteInstance",
        "ElementType": "Components",
        "EventType": 7,
        "TimestampUtc": "2023-12-30T02:45:39.7764903Z"
      },
      {
        "NewName": "Slider (Container).Left1",
        "OldName": null,
        "ElementType": "Components",
        "EventType": 5,
        "TimestampUtc": "2023-12-30T02:45:42.3303249Z"
      },
      {
        "NewName": "Slider (Container).Right",
        "OldName": "Slider (Container).Left1",
        "ElementType": "Components",
        "EventType": 7,
        "TimestampUtc": "2023-12-30T02:45:47.2230729Z"
      },
      {
        "NewName": "Slider (Container).ColoredRectangleInstance",
        "OldName": null,
        "ElementType": "Components",
        "EventType": 5,
        "TimestampUtc": "2023-12-30T02:46:07.0056968Z"
      },
      {
        "NewName": "ScreenLabel (Text).SpriteInstance",
        "OldName": null,
        "ElementType": "Components",
        "EventType": 5,
        "TimestampUtc": "2023-12-30T02:49:25.6650148Z"
      },
      {
        "NewName": "Slider (Container).SpriteInstance",
        "OldName": null,
        "ElementType": "Components",
        "EventType": 5,
        "TimestampUtc": "2023-12-30T02:49:30.0907603Z"
      },
      {
        "NewName": "Slider (Container).ContainerInstance",
        "OldName": null,
        "ElementType": "Components",
        "EventType": 5,
        "TimestampUtc": "2023-12-30T02:50:00.9871026Z"
      },
      {
        "NewName": "Slider (Container).SliderComponents",
        "OldName": "Slider (Container).ContainerInstance",
        "ElementType": "Components",
        "EventType": 7,
        "TimestampUtc": "2023-12-30T02:50:06.4286899Z"
      },
      {
        "NewName": "Slider (Container).Indicator",
        "OldName": "Slider (Container).SpriteInstance",
        "ElementType": "Components",
        "EventType": 7,
        "TimestampUtc": "2023-12-30T02:50:34.9556271Z"
      },
      {
        "NewName": "ControlsDemoScreen.SliderInstance",
        "OldName": null,
        "ElementType": "Screens",
        "EventType": 5,
        "TimestampUtc": "2023-12-30T02:54:01.9591649Z"
      },
      {
        "NewName": "Hover",
        "OldName": null,
        "ElementType": "Components",
        "EventType": 0,
        "TimestampUtc": "2024-01-02T19:04:29.2765034Z"
      },
      {
        "NewName": "Hover (Container).ColoredRectangleInstance",
        "OldName": null,
        "ElementType": "Components",
        "EventType": 5,
        "TimestampUtc": "2024-01-02T19:05:31.4949992Z"
      },
      {
        "NewName": "Hover (Container).TopLeftVertical",
        "OldName": "Hover (Container).ColoredRectangleInstance",
        "ElementType": "Components",
        "EventType": 7,
        "TimestampUtc": "2024-01-02T19:05:38.4160826Z"
      },
      {
        "NewName": "Hover (Container).ColoredRectangleInstance",
        "OldName": null,
        "ElementType": "Components",
        "EventType": 5,
        "TimestampUtc": "2024-01-02T19:06:08.3320903Z"
      },
      {
        "NewName": "Hover (Container).TopLeftHorizontl",
        "OldName": "Hover (Container).ColoredRectangleInstance",
        "ElementType": "Components",
        "EventType": 7,
        "TimestampUtc": "2024-01-02T19:06:14.6154276Z"
      },
      {
        "NewName": "Hover (Container).TopLeftHorizontal",
        "OldName": "Hover (Container).TopLeftHorizontl",
        "ElementType": "Components",
        "EventType": 7,
        "TimestampUtc": "2024-01-02T19:06:19.5443762Z"
      },
      {
        "NewName": "Hover (Container).TopLeftVertical1",
        "OldName": null,
        "ElementType": "Components",
        "EventType": 5,
        "TimestampUtc": "2024-01-02T19:07:24.9666816Z"
      },
      {
        "NewName": "Hover (Container).TopLeftHorizontal1",
        "OldName": null,
        "ElementType": "Components",
        "EventType": 5,
        "TimestampUtc": "2024-01-02T19:07:24.9726811Z"
      },
      {
        "NewName": "Hover (Container).ToprIGHTVertical",
        "OldName": "Hover (Container).TopLeftVertical1",
        "ElementType": "Components",
        "EventType": 7,
        "TimestampUtc": "2024-01-02T19:07:44.1344697Z"
      },
      {
        "NewName": "Hover (Container).TopRightVertical",
        "OldName": "Hover (Container).ToprIGHTVertical",
        "ElementType": "Components",
        "EventType": 7,
        "TimestampUtc": "2024-01-02T19:07:51.9670665Z"
      },
      {
        "NewName": "Hover (Container).TopRightHorizontal",
        "OldName": "Hover (Container).TopLeftHorizontal1",
        "ElementType": "Components",
        "EventType": 7,
        "TimestampUtc": "2024-01-02T19:08:02.0869612Z"
      },
      {
        "NewName": "Hover (Container).TopRightHorizontal1",
        "OldName": null,
        "ElementType": "Components",
        "EventType": 5,
        "TimestampUtc": "2024-01-02T19:10:39.7885549Z"
      },
      {
        "NewName": "Hover (Container).TopRightVertical1",
        "OldName": null,
        "ElementType": "Components",
        "EventType": 5,
        "TimestampUtc": "2024-01-02T19:10:39.8138725Z"
      },
      {
        "NewName": "Hover (Container).BottomRightHorizontal1",
        "OldName": "Hover (Container).TopRightHorizontal1",
        "ElementType": "Components",
        "EventType": 7,
        "TimestampUtc": "2024-01-02T19:10:48.0409485Z"
      },
      {
        "NewName": "Hover (Container).BottomRightHorizontal",
        "OldName": "Hover (Container).BottomRightHorizontal1",
        "ElementType": "Components",
        "EventType": 7,
        "TimestampUtc": "2024-01-02T19:10:51.2794107Z"
      },
      {
        "NewName": null,
        "OldName": "Hover (Container).ColoredRectangle BottomRightHorizontal in Hover (Container)",
        "ElementType": "Components",
        "EventType": 6,
        "TimestampUtc": "2024-01-02T19:10:54.154128Z"
      },
      {
        "NewName": null,
        "OldName": "Hover (Container).ColoredRectangle TopRightVertical1 in Hover (Container)",
        "ElementType": "Components",
        "EventType": 6,
        "TimestampUtc": "2024-01-02T19:10:57.2783397Z"
      },
      {
        "NewName": "Hover (Container).TopLeftHorizontal1",
        "OldName": null,
        "ElementType": "Components",
        "EventType": 5,
        "TimestampUtc": "2024-01-02T19:10:58.6600616Z"
      },
      {
        "NewName": "Hover (Container).TopLeftVertical1",
        "OldName": null,
        "ElementType": "Components",
        "EventType": 5,
        "TimestampUtc": "2024-01-02T19:10:58.6969008Z"
      },
      {
        "NewName": "Hover (Container).TopRightHorizontal1",
        "OldName": null,
        "ElementType": "Components",
        "EventType": 5,
        "TimestampUtc": "2024-01-02T19:10:58.7174091Z"
      },
      {
        "NewName": "Hover (Container).TopRightVertical1",
        "OldName": null,
        "ElementType": "Components",
        "EventType": 5,
        "TimestampUtc": "2024-01-02T19:10:58.7375209Z"
      },
      {
        "NewName": "Hover (Container).BottomLeftHorizontal",
        "OldName": "Hover (Container).TopLeftHorizontal1",
        "ElementType": "Components",
        "EventType": 7,
        "TimestampUtc": "2024-01-02T19:11:15.801732Z"
      },
      {
        "NewName": "Hover (Container).BottomLeftVertical",
        "OldName": "Hover (Container).TopLeftVertical1",
        "ElementType": "Components",
        "EventType": 7,
        "TimestampUtc": "2024-01-02T19:11:21.9526806Z"
      },
      {
        "NewName": "Hover (Container).BottomRightHorizontal",
        "OldName": "Hover (Container).TopRightHorizontal1",
        "ElementType": "Components",
        "EventType": 7,
        "TimestampUtc": "2024-01-02T19:11:30.9165783Z"
      },
      {
        "NewName": "Hover (Container).BottomRightVertical",
        "OldName": "Hover (Container).TopRightVertical1",
        "ElementType": "Components",
        "EventType": 7,
        "TimestampUtc": "2024-01-02T19:11:36.0726426Z"
      },
      {
        "NewName": "ControlsDemoScreen.HoverInstance",
        "OldName": null,
        "ElementType": "Screens",
        "EventType": 5,
        "TimestampUtc": "2024-01-02T19:15:23.4824526Z"
      },
      {
        "NewName": "ControlsDemoScreen.MainMenuButton",
        "OldName": "ControlsDemoScreen.TempButton",
        "ElementType": "Screens",
        "EventType": 7,
        "TimestampUtc": "2024-01-02T19:23:19.0863773Z"
      },
      {
        "NewName": "ControlsDemoScreen.MainMenuButton",
        "OldName": "ControlsDemoScreen.TempButton",
        "ElementType": "Screens",
        "EventType": 7,
        "TimestampUtc": "2024-01-02T19:23:19.0872923Z"
      },
      {
        "NewName": "Off1",
        "OldName": "Off",
        "ElementType": "Components",
        "EventType": 3,
        "TimestampUtc": "2024-01-02T20:04:41.6857729Z"
      },
      {
        "NewName": "Off",
        "OldName": "On",
        "ElementType": "Components",
        "EventType": 3,
        "TimestampUtc": "2024-01-02T20:04:47.7196029Z"
      },
      {
        "NewName": "On",
        "OldName": "Off1",
        "ElementType": "Components",
        "EventType": 3,
        "TimestampUtc": "2024-01-02T20:04:53.2286349Z"
      },
      {
        "NewName": "VerticalProgressBar (Container).ProgressIndicatorInstance",
        "OldName": null,
        "ElementType": "Components",
        "EventType": 5,
        "TimestampUtc": "2024-01-02T20:06:43.4388689Z"
      },
      {
        "NewName": "VerticalProgressBar (Container).ProgressIndicatorInstance1",
        "OldName": null,
        "ElementType": "Components",
        "EventType": 5,
        "TimestampUtc": "2024-01-02T20:06:56.143214Z"
      },
      {
        "NewName": "VerticalProgressBar (Container).ProgressIndicatorInstance2",
        "OldName": null,
        "ElementType": "Components",
        "EventType": 5,
        "TimestampUtc": "2024-01-02T20:06:56.812906Z"
      },
      {
        "NewName": "VerticalProgressBar (Container).ProgressIndicatorInstance3",
        "OldName": null,
        "ElementType": "Components",
        "EventType": 5,
        "TimestampUtc": "2024-01-02T20:06:57.2203716Z"
      },
      {
        "NewName": "VerticalProgressBar (Container).ProgressIndicatorInstance4",
        "OldName": null,
        "ElementType": "Components",
        "EventType": 5,
        "TimestampUtc": "2024-01-02T20:06:57.549511Z"
      },
      {
        "NewName": "VerticalProgressBar (Container).ProgressIndicatorInstance5",
        "OldName": null,
        "ElementType": "Components",
        "EventType": 5,
        "TimestampUtc": "2024-01-02T20:06:57.8535455Z"
      },
      {
        "NewName": "VerticalProgressBar (Container).ProgressIndicatorInstance6",
        "OldName": null,
        "ElementType": "Components",
        "EventType": 5,
        "TimestampUtc": "2024-01-02T20:06:58.0781443Z"
      },
      {
        "NewName": "VerticalProgressBar (Container).ProgressIndicatorInstance7",
        "OldName": null,
        "ElementType": "Components",
        "EventType": 5,
        "TimestampUtc": "2024-01-02T20:06:58.3173753Z"
      },
      {
        "NewName": "VerticalProgressBar (Container).ProgressIndicatorInstance8",
        "OldName": null,
        "ElementType": "Components",
        "EventType": 5,
        "TimestampUtc": "2024-01-02T20:06:58.5576399Z"
      },
      {
        "NewName": "VerticalProgressBar (Container).ProgressIndicatorInstance9",
        "OldName": null,
        "ElementType": "Components",
        "EventType": 5,
        "TimestampUtc": "2024-01-02T20:06:58.8060276Z"
      },
      {
        "NewName": "VerticalProgressBar (Container).ProgressIndicatorInstance10",
        "OldName": null,
        "ElementType": "Components",
        "EventType": 5,
        "TimestampUtc": "2024-01-02T20:06:59.1266262Z"
      },
      {
        "NewName": "VerticalProgressBar (Container).ProgressIndicatorInstance11",
        "OldName": null,
        "ElementType": "Components",
        "EventType": 5,
        "TimestampUtc": "2024-01-02T20:06:59.5826731Z"
      },
      {
        "NewName": "ControlsDemoScreen.BoostToggle",
        "OldName": "ControlsDemoScreen.ToggleButtonInstance",
        "ElementType": "Screens",
        "EventType": 7,
        "TimestampUtc": "2024-01-02T20:16:11.6600365Z"
      },
      {
        "NewName": "ControlsDemoScreen.BoostToggle",
        "OldName": "ControlsDemoScreen.ToggleButtonInstance",
        "ElementType": "Screens",
        "EventType": 7,
        "TimestampUtc": "2024-01-02T20:16:11.6623027Z"
      },
      {
        "NewName": null,
        "OldName": "Screen1.ToggleButton ToggleButtonInstance in Screen1",
        "ElementType": "Screens",
        "EventType": 6,
        "TimestampUtc": "2024-01-02T20:21:35.856627Z"
      },
      {
        "NewName": "ControlsDemoScreen.HomeSlider",
        "OldName": "ControlsDemoScreen.SliderInstance",
        "ElementType": "Screens",
        "EventType": 7,
        "TimestampUtc": "2024-01-02T20:24:52.8060259Z"
      },
      {
        "NewName": "ControlsDemoScreen.HomeSlider",
        "OldName": "ControlsDemoScreen.SliderInstance",
        "ElementType": "Screens",
        "EventType": 7,
        "TimestampUtc": "2024-01-02T20:24:52.8066775Z"
      }
    ]
  }
}